,generated - prompt,generated - no prompt,ground truth,BLEU - no prompt,BLEU - prompt,METEOR - no prompt,METEOR - prompt,BERT - no prompt,BERT - prompt,SacreBLEU - no prompt,SacreBLEU - prompt
0,Tim has crows pester his home.,Tim has crows pester his home.,Tim has crows pester his home.,1.0,1.0,0.9985422740524781,0.9985422740524781,0.9999999403953552,0.9999999403953552,100.00000000000004,100.00000000000004
1,the crows constantly bother Tim by eating at his garden.,He has to deal with them every day.,The crows constantly bother Tim by eating at his garden.,0.0,0.8931539818068694,0.05434782608695651,0.9996243425995492,0.8976833820343018,0.9911966323852539,3.817681337429047,89.31539818068698
2,Eventually Tim was a nice man and decided to feed the birds himself.,He has to buy a new bed.,But Tim was a nice man and decided to feed the birds himself.,0.0,0.9193227152249185,0.1744186046511628,0.9283601014370245,0.9133976697921753,0.9844708442687988,3.4331054109918173,91.93227152249175
3,Eventually Tim decided to feed the crows breadcrumbs every other evening.,He has to move them out.,Tim decided to feed the crows breadcrumbs every other evening.,0.0,0.9036020036098448,0.13513513513513514,0.9240225015626085,0.9041573405265808,0.9906025528907776,4.410363736106611,90.36020036098445
4,the crows began obeying Tim and stopped ruining his garden.,He has to sell them all.,Eventually the crows began obeying Tim and stopped ruining his garden.,0.0,0.9131007162822622,0.06666666666666667,0.9906187178914452,0.8909603357315063,0.9824521541595459,3.2149545730574576,91.31007162822628
