,generated - prompt,generated - no prompt,ground truth,BLEU - no prompt,BLEU - prompt,METEOR - no prompt,METEOR - prompt,BERT - no prompt,BERT - prompt,SacreBLEU - no prompt,SacreBLEU - prompt
0,Tim bought a dishwasher for his new house.,Tim bought a dishwasher for his new house.,Tim bought a dishwasher for his new house.,1.0,1.0,0.9993141289437586,0.9993141289437586,1.0,1.0,100.00000000000004,100.00000000000004
1,he pulled the dishwasher out of the box.,It was a big purchase.,He pulled the dishwasher out of the box.,0.0,0.8633400213704505,0.07936507936507937,0.9993141289437586,0.9216812252998352,0.9880433678627014,4.923026124015933,86.33400213704509
2,he then realized it was much too big for the kitchen cupboards.,It was a big investment.,He then realized it was much too big for the kitchen cupboards.,0.0,0.912167909070388,0.47108208955223874,0.9997724169321802,0.914443850517273,0.9906297922134399,3.3264637832151163,91.21679090703874
3,Eventually Tim was too lazy to return the dishwasher.,It was a big investment.,Tim was too lazy to return the dishwasher.,0.0,0.8801117367933934,0.15873015873015875,0.9084673899488716,0.9122048616409302,0.9771744012832642,5.854497694024015,88.01117367933934
4,"he put a piece of wood on top of it, and used it as counter space.",It was a big investment.,"He put a piece of wood on top of it, and used it as counter space.",0.0,0.9391044157537525,0.27777777777777785,0.9999142661179699,0.9035019874572754,0.9917255640029907,1.3063150080561918,93.91044157537529
