,generated - prompt,generated - no prompt,ground truth,BLEU - no prompt,BLEU - prompt,METEOR - no prompt,METEOR - prompt,BERT - no prompt,BERT - prompt,SacreBLEU - no prompt,SacreBLEU - prompt
0,Corey lost his parents a few years ago.,Corey lost his parents a few years ago.,Corey lost his parents a few years ago.,1.0,1.0,0.9993141289437586,0.9993141289437586,1.0,1.0,100.00000000000004,100.00000000000004
1,Corey started hearing voices on a radio frequency.,Corey was very upset.,Recently he started hearing voices on a radio frequency.,0.0,0.7725505949016372,0.09090909090909091,0.8782623626373625,0.9176015853881836,0.9781861305236816,3.929752628321626,77.25505949016376
2,Corey began to investigate in order to restore his sanity.,Corey was very sad.,Corey began to investigate in order to restore his sanity.,0.0,1.0,0.1785714285714286,0.9996243425995492,0.935211181640625,1.0,3.8261660656802645,100.00000000000004
3,Corey is relieved in his findings.,Corey was very happy.,Corey is relieved in his findings.,0.0,1.0,0.19230769230769232,0.9985422740524781,0.9429001808166504,1.0,8.51528917838043,100.00000000000004
4,a new station is emerging on that frequency.,Corey was happy.,A new station is emerging on that frequency.,0.0,0.8633400213704505,0.11111111111111112,0.9993141289437586,0.9168350696563721,0.983418345451355,4.576506607182439,86.33400213704509
