,generated - prompt,generated - no prompt,generated - optimized prompt,generated - context forward,ground truth,BLEU - no prompt,BLEU - prompt,BLEU - optimized prompt,BLEU - context forward,METEOR - no prompt,METEOR - prompt,METEOR - optimized prompt,METEOR - context forward,BERT - no prompt,BERT - prompt,BERT - optimized prompt,BERT - context forward,SacreBLEU - no prompt,SacreBLEU - prompt,SacreBLEU - optimized prompt,SacreBLEU - context forward,Emotion - prompt,Emotion - no prompt,Emotion - optimized prompt,Emotion - context forward
0,Kelly was pregnant.,Kelly was pregnant.,Kelly was pregnant.,Kelly was pregnant.,Kelly was pregnant.,1.0,1.0,1.0,1.0,0.9921875,0.9921875,0.9921875,0.9921875,1.0,1.0,1.0,1.0,100.00000000000004,100.00000000000004,100.00000000000004,100.00000000000004,1.0,1.0,1.0,1.0
1,a little while.,Suddenly she was pregnant.,a little bit early.,a EMOTION.,She needed to relax.,0.0,0.0,0.0,0.0,0.20000000000000004,0.12195121951219512,0.10000000000000002,0.15625,0.9107130765914917,0.8873167634010315,0.8571057319641113,0.8462142944335938,10.682175159905848,12.44023474812678,10.682175159905848,0.0,0.2945758895934015,0.3934935315241055,0.21332275051688632,0.27246801308810303
2,a spa day.,Suddenly she had a spa day.,a spa day.,a spa day.,So she scheduled a spa day.,0.4347208719449915,0.4723665527410147,0.4723665527410147,0.4723665527410147,0.6914285714285714,0.9229651162790699,0.9229651162790699,0.9229651162790699,0.9599504470825195,0.9530469179153442,0.9530469179153442,0.9530469179153442,43.47208719449914,47.23665527410149,47.23665527410149,47.23665527410149,0.2942991112392304,0.21151144755528214,0.2942991112392304,0.2942991112392304
3,a little while.,Suddenly it was beautiful.,a little bit early.,a EMOTION.,It was great.,0.0,0.0,0.0,0.0,0.5215419501133786,0.125,0.10204081632653061,0.16129032258064518,0.9222177863121033,0.8936654329299927,0.8690199851989746,0.8490606546401978,12.703318703865365,15.97357760615681,10.682175159905848,0.0,0.6807015448276524,0.6030660804930699,0.5021221866733561,0.8339237889476878
4,a little while.,Suddenly she was able to relax.,a little bit early.,a EMOTION joy.,She left feeling refreshed.,0.0,0.0,0.0,0.0,0.14705882352941174,0.12195121951219512,0.10000000000000002,0.12195121951219512,0.9089481234550476,0.8787509202957153,0.8563205003738403,0.8444042801856995,6.567274736060395,12.44023474812678,10.682175159905848,12.44023474812678,0.644250042102884,0.9963740684270264,0.5017808814941148,0.998743106891148
