,generated - prompt,generated - no prompt,generated - optimized prompt,generated - context forward,ground truth,BLEU - no prompt,BLEU - prompt,BLEU - optimized prompt,BLEU - context forward,METEOR - no prompt,METEOR - prompt,METEOR - optimized prompt,METEOR - context forward,BERT - no prompt,BERT - prompt,BERT - optimized prompt,BERT - context forward,SacreBLEU - no prompt,SacreBLEU - prompt,SacreBLEU - optimized prompt,SacreBLEU - context forward,Emotion - prompt,Emotion - no prompt,Emotion - optimized prompt,Emotion - context forward
0,Susie was so hungry.,Susie was so hungry.,Susie was so hungry.,Susie was so hungry.,Susie was so hungry.,1.0,1.0,1.0,1.0,0.996,0.996,0.996,0.996,1.0,1.0,1.0,1.0,100.00000000000004,100.00000000000004,100.00000000000004,100.00000000000004,1.0,1.0,1.0,1.0
1,emptied her plate to the top.,A plate was high on the top.,Putting her plate at the top.,piled her plate to the top.,She filled her plate to the top.,0.0,0.7013967267997694,0.0,0.0,0.46875,0.843114241001565,0.6816901408450705,0.843114241001565,0.9155200719833374,0.9118858575820923,0.9247480630874634,0.9424450993537903,22.089591134157878,70.1396726799769,26.647313141084275,70.1396726799769,0.5097059641538608,0.6466047654557634,0.6191922233766111,0.650241827748011
2,sat down.,A little bit too much.,Putting her plate at the top.,a full on EMOTION.,She needed to eat.,0.0,0.0,0.0,0.0,0.0847457627118644,0.15625,0.07352941176470587,0.10000000000000002,0.8928737640380859,0.8970552682876587,0.8851445317268372,0.8461185097694397,8.116697886877475,0.0,6.567274736060395,10.682175159905848,0.651400823935212,0.26555795298104495,0.5824779350513772,0.46150016899473767
3,ate.,A little bit too much.,Putting her plate at the top.,a full on EMOTION joy!,All the sudden she got full.,0.0,0.0,0.0,0.0,0.0819672131147541,0.2,0.14285714285714285,0.0819672131147541,0.8873534798622131,0.916175127029419,0.8866339921951294,0.8180023431777954,6.870636427700047,0.0,7.809849842300637,6.870636427700047,0.9716964524699031,0.26540791020034615,0.5828567930726417,0.6478392677220718
4,ate.,A little bit too much.,Putting her plate at the top.,a full on EMOTION fear awoke.,She put on too much.,0.0,0.0,0.0,0.0,0.49074074074074076,0.20833333333333334,0.14492753623188406,0.14492753623188406,0.936781108379364,0.9178155064582825,0.8828145861625671,0.8331735134124756,30.213753973567677,0.0,6.567274736060395,7.809849842300637,0.39856586259554305,0.5855263323104732,0.2605101935222892,0.36815897659051006
