,generated - prompt,generated - no prompt,generated - optimized prompt,generated - context forward,ground truth,BLEU - no prompt,BLEU - prompt,BLEU - optimized prompt,BLEU - context forward,METEOR - no prompt,METEOR - prompt,METEOR - optimized prompt,METEOR - context forward,BERT - no prompt,BERT - prompt,BERT - optimized prompt,BERT - context forward,SacreBLEU - no prompt,SacreBLEU - prompt,SacreBLEU - optimized prompt,SacreBLEU - context forward,Emotion - prompt,Emotion - no prompt,Emotion - optimized prompt,Emotion - context forward
0,Jesse had never swam before.,Jesse had never swam before.,Jesse had never swam before.,Jesse had never swam before.,Jesse had never swam before.,1.0,1.0,1.0,1.0,0.9976851851851852,0.9976851851851852,0.9976851851851852,0.9976851851851852,1.0,1.0,1.0,1.0,100.00000000000004,100.00000000000004,100.00000000000004,100.00000000000004,1.0,1.0,1.0,1.0
1,swam.,A few years ago.,swam.,a little girl named EMOTION.,She wanted to learn how to swim.,0.0,0.0,0.0,0.0,0.09433962264150944,0.19230769230769235,0.19230769230769235,0.08064516129032259,0.8898874521255493,0.8906357884407043,0.8906357884407043,0.8562992811203003,5.862502026550896,0.0,0.0,5.815868174415823,0.509652521949949,0.6460300299560446,0.509652521949949,0.451146584923794
2,swam with an instructor.,Eventually she became an instructor.,swam with an instructor.,teaches EMOTION.,She hired an instructor.,0.0,0.0,0.0,0.0,0.635593220338983,0.5888888888888889,0.5888888888888889,0.15625,0.9426828026771545,0.8999861478805542,0.8999861478805542,0.8632488250732422,30.213753973567677,39.76353643835252,39.76353643835252,0.0,0.8517606618755742,0.85072317505263,0.8517606618755742,0.8501681958881506
3,swam.,Eventually she was able to swam.,swam.,teaches EMOTION.,She practiced every week.,0.0,0.0,0.0,0.0,0.14705882352941174,0.21739130434782608,0.21739130434782608,0.15625,0.8831709027290344,0.8781007528305054,0.8781007528305054,0.8547636270523071,6.567274736060395,0.0,0.0,0.0,0.5076233197815435,0.9958168870897123,0.5076233197815435,0.987085616877472
4,swam and became a great swimmer.,Eventually she became a great swimmer.,swam.,teaches EMOTION.,She eventually became a great swimmer.,0.6147881529512643,0.6147881529512643,0.0,0.0,0.9606413994169096,0.7114285714285714,0.2,0.14705882352941177,0.9950775504112244,0.94943767786026,0.8951466679573059,0.8610336780548096,61.47881529512643,61.47881529512643,0.0,0.0,0.9879220750868203,0.9991679970912023,0.6467521108381574,0.6465275102824429
