,generated - prompt,generated - no prompt,generated - optimized prompt,generated - context forward,ground truth,BLEU - no prompt,BLEU - prompt,BLEU - optimized prompt,BLEU - context forward,METEOR - no prompt,METEOR - prompt,METEOR - optimized prompt,METEOR - context forward,BERT - no prompt,BERT - prompt,BERT - optimized prompt,BERT - context forward,SacreBLEU - no prompt,SacreBLEU - prompt,SacreBLEU - optimized prompt,SacreBLEU - context forward,Emotion - prompt,Emotion - no prompt,Emotion - optimized prompt,Emotion - context forward
0,Today I went to lunch.,Today I went to lunch.,Today I went to lunch.,Today I went to lunch.,Today I went to lunch.,1.0,1.0,1.0,1.0,0.9976851851851852,0.9976851851851852,0.9976851851851852,0.9976851851851852,1.0,1.0,1.0,1.0,100.00000000000004,100.00000000000004,100.00000000000004,100.00000000000004,1.0,1.0,1.0,1.0
1,a little while.,The food was good.,ate well.,a EMOTION.,It was rather good.,0.0,0.0,0.0,0.0,0.5111111111111111,0.12195121951219512,0.5859375,0.15625,0.9563754200935364,0.8816790580749512,0.8907924294471741,0.8416736125946045,23.643540225079384,12.44023474812678,0.0,0.0,0.538218012143541,0.5002724879327585,0.44579153279254535,0.6095165713639652
2,gumbo.,Then I ordered the gumbo.,ate the gumbo.,The gumbo was ordered the EMOTION joy.,I had the gumbo.,0.0,0.0,0.0,0.0,0.635593220338983,0.8152173913043478,0.7181571815718157,0.1948051948051948,0.9572961926460266,0.9195989370346069,0.948087751865387,0.8689761757850647,32.46679154750991,0.0,46.30777161991026,7.267884212102741,0.4180155795121079,0.5004015837297473,0.9799343187462496,0.3880887882584625
3,i had never had it before.,Then I ordered it.,ate it.,a few minutes later it was the EMOTION joy.,I was surprised it was good.,0.0,0.0,0.0,0.0,0.28846153846153844,0.2142857142857143,0.29411764705882354,0.2634593356242841,0.9193236827850342,0.8807895183563232,0.9120749831199646,0.8369476795196533,9.423716574733431,7.809849842300637,0.0,9.287528999566801,0.5038950938559669,0.3897776546251425,0.6762069627556021,0.6434063043425444
4,i decided to try it.,Then I ordered it.,ate it.,a few minutes later it was the EMOTION joy.,I wanted to have it again.,0.0,0.0,0.0,0.0,0.28846153846153844,0.3278688524590164,0.29411764705882354,0.10309278350515463,0.9300920367240906,0.9211403727531433,0.9230587482452393,0.8435598611831665,9.423716574733431,9.042266054940777,0.0,4.990049701936832,0.4061810816250369,0.6494394992663334,0.6472701588266291,0.6994838663980473
