,generated - prompt,generated - no prompt,ground truth,BLEU - no prompt,BLEU - prompt,METEOR - no prompt,METEOR - prompt,BERT - no prompt,BERT - prompt,SacreBLEU - no prompt,SacreBLEU - prompt
0,Ethan turned the oven on.,Ethan turned the oven on.,Ethan turned the oven on.,1.0,1.0,0.9976851851851852,0.9976851851851852,1.0,1.0,100.00000000000004,100.00000000000004
1,Putting a potato in the oven.,He put the oven in the oven.,He put a potato in the oven.,0.4111336169005197,0.7013967267997694,0.7361111111111112,0.9844782983615982,0.9492225050926208,0.9604313373565674,41.11336169005198,70.1396726799769
2,cooking took an hour to cook.,He put the lid on.,It cooked for an hour.,0.0,0.0,0.08333333333333333,0.4574275362318841,0.8913205862045288,0.9319763779640198,8.116697886877475,14.535768424205482
3,he pulled it out.,He put the lid on.,He pulled it out.,0.0,0.668740304976422,0.1694915254237288,0.996,0.9181685447692871,0.9866772294044495,9.652434877402245,66.87403049764218
4,Served it for dinner.,He put the lid on.,He ate it for dinner.,0.0,0.5475182535069453,0.16666666666666666,0.778186274509804,0.9018918871879578,0.9482267498970032,9.652434877402245,54.75182535069452
